"age","care_focus","need_interval","provision_interval"
0,"developmental",402.877462758067,0
0,"daily_living",699.788184636096,0
0,"health",300,0
1,"developmental",414.390438191949,0
1,"daily_living",713.109229162289,0
1,"health",300,0
2,"developmental",425.447805523989,0
2,"daily_living",726.47486542402,0
2,"health",291.471014775917,0
3,"developmental",436.642813520344,0
3,"daily_living",740.413542122256,0
3,"health",272.045000673923,0
4,"developmental",447.157445782149,0
4,"daily_living",754.104835353857,0
4,"health",252.000385502728,0
5,"developmental",455.82616584133,0
5,"daily_living",766.46588954844,0
5,"health",232.25466303734,0
6,"developmental",466.032916509114,0
6,"daily_living",780.801040953183,0
6,"health",209.662710158679,0
7,"developmental",477.502816165603,0
7,"daily_living",796.837623917469,0
7,"health",184.492760578799,0
8,"developmental",480,0
8,"daily_living",808.127280024225,0
8,"health",162.782343319402,0
9,"developmental",480,0
9,"daily_living",812.245753488968,0
9,"health",148.652547906619,0
10,"developmental",476.295397112328,0
10,"daily_living",811.77062731608,0
10,"health",137.278912276415,0
11,"developmental",462.949761246636,0
11,"daily_living",812.002223408929,0
11,"health",127.123753003921,0
12,"developmental",444.227324259635,0
12,"daily_living",811.331976503098,0
12,"health",119.841305547178,0
13,"developmental",422.523991962954,0
13,"daily_living",800.450955613132,0
13,"health",112.838649867007,0
14,"developmental",399.84380351342,0
14,"daily_living",784.200925821234,0
14,"health",105.011777802269,0
15,"developmental",372.444837688231,0
15,"daily_living",760.175718166091,0
15,"health",97.9271240644421,0
16,"developmental",334.104059729573,0
16,"daily_living",708.19450059697,6.36416731438419
16,"health",92.9974329232658,2.30363413764842
17,"developmental",275.215515334219,30.1864443682251
17,"daily_living",603.844119581601,23.5577651831891
17,"health",93.5419824738679,12.8520159674013
18,"developmental",204.457218512161,79.3245873417906
18,"daily_living",468.860607075296,46.4487783140141
18,"health",97.4217852816143,26.3874299650694
19,"developmental",143.032086975408,138.36462709375
19,"daily_living",352.286909258697,66.684431870047
19,"health",97.8621873216031,46.2339382737901
20,"developmental",79.3601940314792,227.246030337209
20,"daily_living",234.106846020368,87.5480973835032
20,"health",91.9937857131609,76.2364985244949
21,"developmental",21.9825949427655,319.826867889976
21,"daily_living",127.391419023403,106.874741862273
21,"health",84.9678679271515,111.261132856313
22,"developmental",0,397.206099011793
22,"daily_living",83.0327918149228,116.152484120642
22,"health",76.056785789191,155.288804799877
23,"developmental",0,476.182348738232
23,"daily_living",83.0327918149228,120.637359163935
23,"health",64.689507210259,206.912163472671
24,"developmental",0,537.020248542487
24,"daily_living",83.0327918149228,124.455859655414
24,"health",56.3573378208045,247.904396160406
25,"developmental",0,568.788903941165
25,"daily_living",83.0327918149228,127.503176154193
25,"health",53.1348230392213,278.09171998333
26,"developmental",0,583.72727816624
26,"daily_living",83.0327918149228,128.895643905604
26,"health",52.4462663458422,304.236905258187
27,"developmental",0,596.854789263949
27,"daily_living",94.2497509813958,131.591472602234
27,"health",52.8076104640247,318.517969065429
28,"developmental",0,608.408016660334
28,"daily_living",97.0060891810792,136.650956426772
28,"health",54.6465117420815,309.852295944842
29,"developmental",0,613.552769255812
29,"daily_living",100.15811864654,142.391779511614
29,"health",58.0462892887684,285.835313064539
30,"developmental",0,619.702309308188
30,"daily_living",102.690945792773,147.658236473908
30,"health",61.0063799681069,266.662101447465
31,"developmental",0,632.306348651332
31,"daily_living",104.477517890023,152.696104406589
31,"health",63.0752213262164,252.265340136985
32,"developmental",0,642.666443882003
32,"daily_living",105.911002316078,157.356267030146
32,"health",65.2240511861449,239.758263356217
33,"developmental",0,645.943610923556
33,"daily_living",106.455745838723,160.971456850812
33,"health",67.6256576859156,239.741521620479
34,"developmental",0,645.864877630067
34,"daily_living",106.341159151223,164.017875026684
34,"health",70.2186764916092,245.837925627818
35,"developmental",0,641.470291299761
35,"daily_living",106.480274718119,166.462679094037
35,"health",72.7855161747256,248.54662944491
36,"developmental",0,630.088107091448
36,"daily_living",106.851949465005,168.153357855157
36,"health",76.312106113172,248.778720877147
37,"developmental",0,615.566642754149
37,"daily_living",107.380367693183,169.332186248736
37,"health",79.3728161018357,246.71666799107
38,"developmental",0,600.133604708136
38,"daily_living",108.61917628961,169.819132437236
38,"health",81.1440906776983,233.995565057868
39,"developmental",0,581.678038625693
39,"daily_living",110.203289873569,169.659065448018
39,"health",82.5178824112566,215.810528826517
40,"developmental",0,562.512094568364
40,"daily_living",111.585633571643,169.748673319316
40,"health",82.2325225497542,201.9078174721
41,"developmental",0,543.124824200196
41,"daily_living",112.670052288665,170.136557675247
41,"health",79.111674086954,191.42028922514
42,"developmental",0,522.704122015368
42,"daily_living",113.707189904928,170.536475436928
42,"health",74.8580449411354,183.164997319468
43,"developmental",0,499.745671230311
43,"daily_living",114.565353561975,171.410624179311
43,"health",68.9259045238997,185.207415576557
44,"developmental",0,474.783115299631
44,"daily_living",115.315600542336,172.52527988935
44,"health",61.2579560800634,193.12270293955
45,"developmental",0,451.23380888733
45,"daily_living",116.235179647269,173.230981168778
45,"health",55.6437489934673,197.447937770999
46,"developmental",0,428.711657603503
46,"daily_living",117.47514190379,173.458037284592
46,"health",52.8160499110757,196.547506689505
47,"developmental",0,406.443628726284
47,"daily_living",118.822050779971,173.43802929813
47,"health",51.1719953633151,194.124388657092
48,"developmental",0,387.266669421724
48,"daily_living",120.006423738654,172.973403502639
48,"health",50.9976895592198,188.723550551444
49,"developmental",0,372.579439087092
49,"daily_living",120.766514921251,171.712087659173
49,"health",53.4060163638257,176.892166926725
50,"developmental",0,360.48079423407
50,"daily_living",121.363200442041,169.913407412871
50,"health",57.6677131322519,160.893634310763
51,"developmental",0,348.857977700333
51,"daily_living",122.310930723169,168.296905883102
51,"health",61.3056643086576,147.847252541738
52,"developmental",0,335.884119368307
52,"daily_living",123.330987214694,166.527267791274
52,"health",64.2750241071235,138.959340583058
53,"developmental",0,325.010125150352
53,"daily_living",124.621797618093,164.909328827985
53,"health",67.2651796405856,131.571589834294
54,"developmental",0,317.806104375608
54,"daily_living",126.778344405834,163.783185548028
54,"health",68.9957778368611,127.117436623751
55,"developmental",0,312.535039150252
55,"daily_living",129.426104808185,162.817483098376
55,"health",70.085952767981,124.885330983284
56,"developmental",0,310.040145522412
56,"daily_living",132.340990761109,162.684813940457
56,"health",72.0091689427083,122.980151960643
57,"developmental",0,314.170221774991
57,"daily_living",135.568769659011,163.293862276804
57,"health",75.3374750394526,121.194653989031
58,"developmental",0,322.81799005067
58,"daily_living",139.14388516685,164.462542825142
58,"health",79.3814988173724,120.192505973144
59,"developmental",0,327.892552187246
59,"daily_living",142.825263626422,166.727293819678
59,"health",83.7225734063539,119.384958667963
60,"developmental",0,327.081451703155
60,"daily_living",146.452796562146,170.546101061699
60,"health",89.6492368032035,119.602152255086
61,"developmental",0,324.124410128797
61,"daily_living",150.206498338444,175.543193777122
61,"health",96.5581934781903,120.629957508712
62,"developmental",0,320.008796319912
62,"daily_living",154.355479557106,181.004375337098
62,"health",101.193026271395,120.313221072726
63,"developmental",0,310.312781806028
63,"daily_living",159.700613536477,188.09091015119
63,"health",103.494196584862,117.969935500427
64,"developmental",0,300.68977461303
64,"daily_living",165.09796679312,195.32405034397
64,"health",104.184381568109,114.980991101518
65,"developmental",0,299.045614447214
65,"daily_living",170.173618562347,201.579655263234
65,"health",101.086817456791,111.018137374793
66,"developmental",0,299.881943612524
66,"daily_living",175.358265832087,207.873213709736
66,"health",95.4590101706002,106.103626644502
67,"developmental",0,299.192689605715
67,"daily_living",179.210735630398,212.739954806584
67,"health",90.3692706968737,101.702406427313
68,"developmental",0,297.014364070804
68,"daily_living",171.154111161204,215.307857075733
68,"health",82.3431425549754,97.7815102248525
69,"developmental",0,294.735471190547
69,"daily_living",156.63483087404,216.530868246545
69,"health",71.9755880324487,93.842943590724
70,"developmental",0,290.377927269812
70,"daily_living",158.246754665375,217.683171253241
70,"health",68.4390462689017,90.6541121195658
71,"developmental",0,281.127631499219
71,"daily_living",182.489154545831,219.114536583777
71,"health",75.2208493000525,88.7570106847232
72,"developmental",0,268.913060482706
72,"daily_living",218.988820241262,220.236471457387
72,"health",87.6723969359035,87.6520083500876
73,"developmental",0,258.869996645125
73,"daily_living",265.030888220982,220.915763905203
73,"health",102.762229977489,86.5440719961165
74,"developmental",0,251.412258575866
74,"daily_living",341.082976909844,221.601278371808
74,"health",126.731467633306,85.4125627065999
75,"developmental",0,245.25916572301
75,"daily_living",419.578414597992,221.786321646108
75,"health",151.461952113168,84.3301477650442
76,"developmental",0,244.599989682712
76,"daily_living",476.771308115432,222.766347690572
76,"health",168.902937190298,83.7319354877023
77,"developmental",0,247.512246955246
77,"daily_living",531.859591392614,224.279212259226
77,"health",185.484682579478,83.6970247803964
78,"developmental",0,247.422338609681
78,"daily_living",574.492706347461,222.421969587031
78,"health",198.358322496049,83.0363277075139
79,"developmental",0,247.315260772526
79,"daily_living",594.227219210214,219.410615203342
79,"health",204.332603294301,82.8740165276126
80,"developmental",0,242.817286554435
80,"daily_living",610.07288591619,211.84023992025
80,"health",209.165616961913,81.2748512393845
81,"developmental",0,228.396059800631
81,"daily_living",632.25661884577,195.863367053914
81,"health",216.056542674505,76.4003361000979
82,"developmental",0,209.285463186593
82,"daily_living",650.869931400528,175.150638698823
82,"health",221.907290683806,69.9875118346376
83,"developmental",0,184.023171502988
83,"daily_living",669.538951587786,148.644930181545
83,"health",227.847110269409,61.6214768190175
84,"developmental",0,151.531630718275
84,"daily_living",691.042363718219,115.542157749623
84,"health",234.738259650243,50.9812838109531
85,"developmental",0,112.560283329123
85,"daily_living",713.588244242744,76.3735257201902
85,"health",242.021528064512,38.2754687286147
